{"cameraMode":{"drawMode":0,"name":"Shaded","section":"Shading Mode"},"sceneLighting":true,"audioPlay":false,"sceneViewState":{"m_AlwaysRefresh":false,"showFog":true,"showSkybox":true,"showFlares":true,"showImageEffects":true,"showParticleSystems":true,"showVisualEffectGraphs":true,"m_FxEnabled":true},"in2DMode":false,"pivot":{"x":213.37867736816407,"y":132.12867736816407,"z":-237.18624877929688},"rotation":{"x":-0.015310194343328476,"y":-0.0042190151289105419,"z":0.00003273178663221188,"w":-0.9998424649238586},"size":5.196152210235596,"orthographic":false}