{"cameraMode":{"drawMode":0,"name":"Shaded","section":"Shading Mode"},"sceneLighting":true,"audioPlay":false,"sceneViewState":{"m_AlwaysRefresh":false,"showFog":true,"showSkybox":true,"showFlares":true,"showImageEffects":true,"showParticleSystems":true,"showVisualEffectGraphs":true,"m_FxEnabled":true},"in2DMode":false,"pivot":{"x":7.526793479919434,"y":6.854963302612305,"z":14.695289611816407},"rotation":{"x":-0.20726071298122407,"y":0.01640535332262516,"z":-0.003522779792547226,"w":-0.9781103134155273},"size":5.196152210235596,"orthographic":false}